Macrotrends Data Download,
,
WTI Crude Oil Prices - 10 Year Daily Chart,
,
"DISCLAIMER AND TERMS OF USE: HISTORICAL DATA IS PROVIDED ""AS IS"" AND SOLELY",
FOR INFORMATIONAL PURPOSES - NOT FOR TRADING PURPOSES OR ADVICE.,
NEITHER MACROTRENDS LLC NOR ANY OF OUR INFORMATION PROVIDERS WILL BE LIABLE,
FOR ANY DAMAGES RELATING TO YOUR USE OF THE DATA PROVIDED.,
,
,
,
"ATTRIBUTION: Proper attribution requires clear indication of the data source as ""www.macrotrends.net"".",
"A ""dofollow"" backlink to the originating page is also required if the data is displayed on a web page.",
,
,
date, value
14/04/2010,85.84
15/04/2010,85.758
16/04/2010,83.812
19/04/2010,82.458
20/04/2010,83.77
21/04/2010,83.68
22/04/2010,83.7
23/04/2010,85.12
26/04/2010,84.2
27/04/2010,82.44
28/04/2010,83.22
29/04/2010,85.17
30/04/2010,86.15
03/05/2010,86.19
04/05/2010,82.74
05/05/2010,79.97
06/05/2010,77.11
07/05/2010,75.11
10/05/2010,76.8
11/05/2010,76.37
12/05/2010,75.65
13/05/2010,74.4
14/05/2010,71.61
17/05/2010,70.708
18/05/2010,70.726
19/05/2010,71.436
20/05/2010,70.242
21/05/2010,70.04
24/05/2010,70.21
25/05/2010,68.75
26/05/2010,71.51
27/05/2010,74.55
28/05/2010,73.97
01/06/2010,72.58
02/06/2010,72.86
03/06/2010,74.61
04/06/2010,71.51
07/06/2010,71.44
08/06/2010,71.99
09/06/2010,74.38
10/06/2010,75.48
11/06/2010,73.78
14/06/2010,75.12
15/06/2010,76.94
16/06/2010,77.67
17/06/2010,77.04
18/06/2010,77.612
21/06/2010,78.294
22/06/2010,77.722
23/06/2010,76.35
24/06/2010,76.51
25/06/2010,78.86
28/06/2010,78.25
29/06/2010,75.94
30/06/2010,75.63
01/07/2010,72.95
02/07/2010,72.14
06/07/2010,71.98
07/07/2010,74.07
08/07/2010,75.44
09/07/2010,76.09
12/07/2010,74.95
13/07/2010,77.15
14/07/2010,77.04
15/07/2010,76.698
16/07/2010,76.158
19/07/2010,76.756
20/07/2010,77.552
21/07/2010,76.56
22/07/2010,79.3
23/07/2010,78.98
26/07/2010,78.98
27/07/2010,77.5
28/07/2010,76.99
29/07/2010,78.36
30/07/2010,78.95
02/08/2010,81.34
03/08/2010,82.55
04/08/2010,82.47
05/08/2010,82.01
06/08/2010,80.7
09/08/2010,81.48
10/08/2010,80.25
11/08/2010,78.02
12/08/2010,75.74
13/08/2010,75.39
16/08/2010,75.24
17/08/2010,75.848
18/08/2010,75.564
19/08/2010,74.634
20/08/2010,73.748
23/08/2010,73.1
24/08/2010,71.63
25/08/2010,72.52
26/08/2010,73.36
27/08/2010,75.17
30/08/2010,74.7
31/08/2010,71.92
01/09/2010,73.91
02/09/2010,75.02
03/09/2010,74.6
07/09/2010,74.09
08/09/2010,74.67
09/09/2010,74.25
10/09/2010,76.45
13/09/2010,77.19
14/09/2010,76.8
15/09/2010,76.02
16/09/2010,74.57
17/09/2010,73.912
20/09/2010,75.392
21/09/2010,74.39
22/09/2010,74.408
23/09/2010,75.18
24/09/2010,76.49
27/09/2010,76.52
28/09/2010,76.18
29/09/2010,77.86
30/09/2010,79.97
01/10/2010,81.58
04/10/2010,81.47
05/10/2010,82.82
06/10/2010,83.23
07/10/2010,81.67
08/10/2010,82.66
11/10/2010,82.21
12/10/2010,81.67
13/10/2010,83.01
14/10/2010,82.69
15/10/2010,81.386
18/10/2010,83.368
19/10/2010,79.892
20/10/2010,82.386
21/10/2010,80.56
22/10/2010,81.69
25/10/2010,82.52
26/10/2010,82.55
27/10/2010,81.94
28/10/2010,82.18
29/10/2010,81.43
01/11/2010,82.95
02/11/2010,83.9
03/11/2010,84.69
04/11/2010,86.49
05/11/2010,86.85
08/11/2010,87.06
09/11/2010,86.72
10/11/2010,87.81
11/11/2010,87.81
12/11/2010,84.88
15/11/2010,84.86
16/11/2010,82.44
17/11/2010,80.68
18/11/2010,82.192
19/11/2010,81.886
22/11/2010,81.74
23/11/2010,81.25
24/11/2010,83.86
26/11/2010,83.76
29/11/2010,85.73
30/11/2010,84.11
01/12/2010,86.75
02/12/2010,88
03/12/2010,89.19
06/12/2010,89.38
07/12/2010,88.69
08/12/2010,88.28
09/12/2010,88.37
10/12/2010,87.79
13/12/2010,88.61
14/12/2010,88.28
15/12/2010,88.62
16/12/2010,87.84
17/12/2010,88.252
20/12/2010,89.146
21/12/2010,89.596
22/12/2010,90.48
23/12/2010,91.51
27/12/2010,91
28/12/2010,91.49
29/12/2010,91.12
30/12/2010,89.84
31/12/2010,91.38
03/01/2011,91.55
04/01/2011,89.38
05/01/2011,90.3
06/01/2011,88.38
07/01/2011,88.03
10/01/2011,89.25
11/01/2011,91.11
12/01/2011,91.86
13/01/2011,91.4
14/01/2011,91.746
18/01/2011,91.752
19/01/2011,91.43
20/01/2011,89.444
21/01/2011,89.11
24/01/2011,87.87
25/01/2011,86.19
26/01/2011,87.33
27/01/2011,85.64
28/01/2011,89.34
31/01/2011,92.19
01/02/2011,90.77
02/02/2011,90.86
03/02/2011,90.54
04/02/2011,89.03
07/02/2011,87.48
08/02/2011,86.94
09/02/2011,86.71
10/02/2011,86.73
11/02/2011,85.58
14/02/2011,84.81
15/02/2011,84.32
16/02/2011,85.56
17/02/2011,87.352
18/02/2011,88.306
22/02/2011,95.05
23/02/2011,98.1
24/02/2011,97.28
25/02/2011,97.88
28/02/2011,96.97
01/03/2011,99.63
02/03/2011,102.23
03/03/2011,101.91
04/03/2011,104.42
07/03/2011,105.44
08/03/2011,105.02
09/03/2011,104.38
10/03/2011,102.7
11/03/2011,101.16
14/03/2011,101.19
15/03/2011,97.18
16/03/2011,97.98
17/03/2011,101.614
18/03/2011,101.382
21/03/2011,102.786
22/03/2011,104.776
23/03/2011,105.75
24/03/2011,105.6
25/03/2011,105.4
28/03/2011,103.98
29/03/2011,104.79
30/03/2011,104.27
31/03/2011,106.72
01/04/2011,107.94
04/04/2011,108.47
05/04/2011,108.34
06/04/2011,108.83
07/04/2011,110.3
08/04/2011,112.79
11/04/2011,109.92
12/04/2011,106.25
13/04/2011,107.11
14/04/2011,108.228
15/04/2011,109.884
18/04/2011,107.462
19/04/2011,108.254
20/04/2011,111.45
21/04/2011,112.29
25/04/2011,112.28
26/04/2011,112.21
27/04/2011,112.76
28/04/2011,112.86
29/04/2011,113.93
02/05/2011,113.52
03/05/2011,111.05
04/05/2011,109.24
05/05/2011,99.8
06/05/2011,97.18
09/05/2011,102.55
10/05/2011,103.88
11/05/2011,98.21
12/05/2011,98.97
13/05/2011,99.65
16/05/2011,97.37
17/05/2011,97.014
18/05/2011,100.284
19/05/2011,98.734
20/05/2011,99.978
23/05/2011,97.7
24/05/2011,99.59
25/05/2011,101.32
26/05/2011,100.23
27/05/2011,100.59
31/05/2011,102.7
01/06/2011,100.29
02/06/2011,100.4
03/06/2011,100.22
06/06/2011,99.01
07/06/2011,99.09
08/06/2011,100.74
09/06/2011,101.93
10/06/2011,99.29
13/06/2011,97.3
14/06/2011,99.37
15/06/2011,94.81
16/06/2011,95.032
17/06/2011,93.166
20/06/2011,93.482
21/06/2011,94.016
22/06/2011,95.41
23/06/2011,91.02
24/06/2011,91.16
27/06/2011,90.61
28/06/2011,92.89
29/06/2011,94.77
30/06/2011,95.42
01/07/2011,94.94
05/07/2011,96.89
06/07/2011,96.65
07/07/2011,98.67
08/07/2011,96.2
11/07/2011,95.15
12/07/2011,97.43
13/07/2011,98.05
14/07/2011,95.69
15/07/2011,97.312
18/07/2011,96.058
19/07/2011,97.716
20/07/2011,98.348
21/07/2011,99.13
22/07/2011,99.87
25/07/2011,99.2
26/07/2011,99.59
27/07/2011,97.4
28/07/2011,97.44
29/07/2011,95.7
01/08/2011,94.89
02/08/2011,93.79
03/08/2011,91.93
04/08/2011,86.63
05/08/2011,86.88
08/08/2011,81.31
09/08/2011,79.3
10/08/2011,82.89
11/08/2011,85.72
12/08/2011,85.38
15/08/2011,87.88
16/08/2011,86.65
17/08/2011,87.61
18/08/2011,82.432
19/08/2011,82.35
22/08/2011,84.36
23/08/2011,85.44
24/08/2011,85.16
25/08/2011,85.3
26/08/2011,85.37
29/08/2011,87.27
30/08/2011,88.9
31/08/2011,88.81
01/09/2011,88.93
02/09/2011,86.45
06/09/2011,86.02
07/09/2011,89.34
08/09/2011,89.05
09/09/2011,87.24
12/09/2011,88.19
13/09/2011,90.21
14/09/2011,88.91
15/09/2011,89.438
16/09/2011,88.048
19/09/2011,85.766
20/09/2011,86.914
21/09/2011,85.92
22/09/2011,80.51
23/09/2011,79.85
26/09/2011,80.24
27/09/2011,84.45
28/09/2011,81.21
29/09/2011,82.14
30/09/2011,79.2
03/10/2011,77.61
04/10/2011,75.67
05/10/2011,79.68
06/10/2011,82.59
07/10/2011,82.98
10/10/2011,85.41
11/10/2011,85.81
12/10/2011,85.57
13/10/2011,84.23
14/10/2011,86.8
17/10/2011,86.428
18/10/2011,88.416
19/10/2011,86.218
20/10/2011,85.916
21/10/2011,87.4
24/10/2011,91.27
25/10/2011,93.17
26/10/2011,90.2
27/10/2011,93.96
28/10/2011,93.32
31/10/2011,93.19
01/11/2011,92.19
02/11/2011,92.51
03/11/2011,94.07
04/11/2011,94.26
07/11/2011,95.52
08/11/2011,96.8
09/11/2011,95.74
10/11/2011,97.78
11/11/2011,98.99
14/11/2011,98.14
15/11/2011,99.382
16/11/2011,102.594
17/11/2011,98.886
18/11/2011,97.618
21/11/2011,96.92
22/11/2011,98.01
23/11/2011,96.17
25/11/2011,96.77
28/11/2011,98.21
29/11/2011,99.79
30/11/2011,100.36
01/12/2011,100.2
02/12/2011,100.96
05/12/2011,100.99
06/12/2011,101.28
07/12/2011,100.49
08/12/2011,98.34
09/12/2011,99.41
12/12/2011,97.77
13/12/2011,100.14
14/12/2011,94.95
15/12/2011,93.91
16/12/2011,93.618
19/12/2011,93.982
20/12/2011,97.236
21/12/2011,98.67
22/12/2011,99.53
23/12/2011,99.68
27/12/2011,101.34
28/12/2011,99.36
29/12/2011,99.65
30/12/2011,98.83
03/01/2012,102.96
04/01/2012,103.22
05/01/2012,101.81
06/01/2012,101.56
09/01/2012,101.31
10/01/2012,102.24
11/01/2012,100.87
12/01/2012,99.1
13/01/2012,98.7
17/01/2012,100.742
18/01/2012,100.658
19/01/2012,100.48
20/01/2012,98.356
23/01/2012,99.58
24/01/2012,98.95
25/01/2012,99.4
26/01/2012,99.7
27/01/2012,99.56
30/01/2012,98.78
31/01/2012,98.48
01/02/2012,97.61
02/02/2012,96.36
03/02/2012,97.84
06/02/2012,96.91
07/02/2012,98.41
08/02/2012,98.71
09/02/2012,99.84
10/02/2012,98.67
13/02/2012,100.91
14/02/2012,100.74
15/02/2012,101.868
16/02/2012,102.442
17/02/2012,103.456
21/02/2012,106.168
22/02/2012,106.28
23/02/2012,107.83
24/02/2012,109.77
27/02/2012,108.56
28/02/2012,106.55
29/02/2012,107.07
01/03/2012,108.84
02/03/2012,106.7
05/03/2012,106.72
06/03/2012,104.7
07/03/2012,106.16
08/03/2012,106.58
09/03/2012,107.4
12/03/2012,106.34
13/03/2012,106.71
14/03/2012,105.43
15/03/2012,105.218
16/03/2012,107.268
19/03/2012,108.372
20/03/2012,105.978
21/03/2012,107.27
22/03/2012,105.35
23/03/2012,106.87
26/03/2012,107.03
27/03/2012,107.33
28/03/2012,105.41
29/03/2012,102.78
30/03/2012,103.02
02/04/2012,105.23
03/04/2012,104.01
04/04/2012,101.47
05/04/2012,103.31
09/04/2012,102.46
10/04/2012,101.02
11/04/2012,102.7
12/04/2012,103.64
13/04/2012,102.83
16/04/2012,102.93
17/04/2012,104.288
18/04/2012,102.85
19/04/2012,102.54
20/04/2012,103.714
23/04/2012,103.11
24/04/2012,103.55
25/04/2012,104.12
26/04/2012,104.55
27/04/2012,104.93
30/04/2012,104.87
01/05/2012,106.16
02/05/2012,105.22
03/05/2012,102.54
04/05/2012,98.49
07/05/2012,97.94
08/05/2012,97.01
09/05/2012,96.81
10/05/2012,97.08
11/05/2012,96.13
14/05/2012,94.78
15/05/2012,93.98
16/05/2012,92.81
17/05/2012,92.636
18/05/2012,91.608
21/05/2012,92.744
22/05/2012,91.812
23/05/2012,89.9
24/05/2012,90.66
25/05/2012,90.86
29/05/2012,90.76
30/05/2012,87.82
31/05/2012,86.53
01/06/2012,83.23
04/06/2012,83.98
05/06/2012,84.29
06/06/2012,85.02
07/06/2012,84.82
08/06/2012,84.1
11/06/2012,82.7
12/06/2012,83.32
13/06/2012,82.62
14/06/2012,83.91
15/06/2012,84.09
18/06/2012,83.402
19/06/2012,84.222
20/06/2012,81.52
21/06/2012,78.2
22/06/2012,79.76
25/06/2012,79.21
26/06/2012,79.36
27/06/2012,80.21
28/06/2012,77.69
29/06/2012,84.96
02/07/2012,83.75
03/07/2012,87.66
05/07/2012,87.22
06/07/2012,84.45
09/07/2012,85.99
10/07/2012,83.91
11/07/2012,85.81
12/07/2012,86.08
13/07/2012,87.1
16/07/2012,88.43
17/07/2012,89.284
18/07/2012,89.99
19/07/2012,92.846
20/07/2012,91.752
23/07/2012,88.14
24/07/2012,88.5
25/07/2012,88.97
26/07/2012,89.39
27/07/2012,90.13
30/07/2012,89.78
31/07/2012,88.06
01/08/2012,88.91
02/08/2012,87.13
03/08/2012,91.4
06/08/2012,92.2
07/08/2012,93.67
08/08/2012,93.35
09/08/2012,93.36
10/08/2012,92.87
13/08/2012,92.73
14/08/2012,93.43
15/08/2012,94.33
16/08/2012,95.658
17/08/2012,96.134
20/08/2012,96.144
21/08/2012,96.808
22/08/2012,97.26
23/08/2012,96.27
24/08/2012,96.15
27/08/2012,95.47
28/08/2012,96.33
29/08/2012,95.49
30/08/2012,94.62
31/08/2012,96.47
04/09/2012,95.3
05/09/2012,95.36
06/09/2012,95.53
07/09/2012,96.42
10/09/2012,96.54
11/09/2012,97.17
12/09/2012,97.01
13/09/2012,98.31
14/09/2012,99
17/09/2012,96.686
18/09/2012,95.422
19/09/2012,92.172
20/09/2012,92.31
21/09/2012,92.89
24/09/2012,91.93
25/09/2012,91.37
26/09/2012,89.98
27/09/2012,91.85
28/09/2012,92.19
01/10/2012,92.48
02/10/2012,91.89
03/10/2012,88.14
04/10/2012,91.71
05/10/2012,89.88
08/10/2012,89.33
09/10/2012,92.39
10/10/2012,91.25
11/10/2012,92.07
12/10/2012,91.86
15/10/2012,91.85
16/10/2012,92.09
17/10/2012,92.214
18/10/2012,92.272
19/10/2012,90.284
22/10/2012,88.666
23/10/2012,86.67
24/10/2012,85.73
25/10/2012,86.05
26/10/2012,86.28
29/10/2012,85.54
30/10/2012,85.68
31/10/2012,86.24
01/11/2012,87.09
02/11/2012,84.86
05/11/2012,85.65
06/11/2012,88.71
07/11/2012,84.44
08/11/2012,85.09
09/11/2012,86.07
12/11/2012,85.57
13/11/2012,85.472
14/11/2012,86.492
15/11/2012,85.702
16/11/2012,86.87
19/11/2012,89.28
20/11/2012,86.75
21/11/2012,87.38
23/11/2012,88.28
26/11/2012,87.74
27/11/2012,87.18
28/11/2012,86.49
29/11/2012,88.07
30/11/2012,88.91
03/12/2012,89.09
04/12/2012,88.5
05/12/2012,87.88
06/12/2012,86.26
07/12/2012,85.93
10/12/2012,85.56
11/12/2012,85.79
12/12/2012,86.77
13/12/2012,85.89
14/12/2012,86.834
17/12/2012,87.388
18/12/2012,88.212
19/12/2012,89.886
20/12/2012,90.13
21/12/2012,88.66
24/12/2012,88.61
26/12/2012,90.98
27/12/2012,90.87
28/12/2012,90.8
31/12/2012,91.82
02/01/2013,93.12
03/01/2013,92.92
04/01/2013,93.09
07/01/2013,93.19
08/01/2013,93.15
09/01/2013,93.1
10/01/2013,93.82
11/01/2013,93.56
14/01/2013,94.14
15/01/2013,93.28
16/01/2013,94.328
17/01/2013,95.67
18/01/2013,95.848
22/01/2013,96.592
23/01/2013,95.23
24/01/2013,95.95
25/01/2013,95.88
28/01/2013,96.44
29/01/2013,97.57
30/01/2013,97.94
31/01/2013,97.49
01/02/2013,97.77
04/02/2013,96.17
05/02/2013,96.64
06/02/2013,96.62
07/02/2013,95.83
08/02/2013,95.72
11/02/2013,97.03
12/02/2013,97.51
13/02/2013,97.01
14/02/2013,97.428
15/02/2013,96.08
19/02/2013,96.924
20/02/2013,95.068
21/02/2013,92.84
22/02/2013,93.13
25/02/2013,93.11
26/02/2013,92.63
27/02/2013,92.76
28/02/2013,92.05
01/03/2013,90.68
04/03/2013,90.12
05/03/2013,90.82
06/03/2013,90.43
07/03/2013,91.56
08/03/2013,91.95
11/03/2013,92.06
12/03/2013,92.54
13/03/2013,92.52
14/03/2013,93.03
15/03/2013,93.524
18/03/2013,93.888
19/03/2013,92.376
20/03/2013,93.392
21/03/2013,92.45
22/03/2013,93.71
25/03/2013,94.81
26/03/2013,96.34
27/03/2013,96.58
28/03/2013,97.23
01/04/2013,97.07
02/04/2013,97.19
03/04/2013,94.45
04/04/2013,93.26
05/04/2013,92.7
08/04/2013,93.36
09/04/2013,94.2
10/04/2013,94.64
11/04/2013,93.51
12/04/2013,91.29
15/04/2013,88.71
16/04/2013,88.72
17/04/2013,86.738
18/04/2013,87.838
19/04/2013,88.166
22/04/2013,89.104
23/04/2013,89.18
24/04/2013,91.43
25/04/2013,93.64
26/04/2013,93
29/04/2013,94.5
30/04/2013,93.46
01/05/2013,91.03
02/05/2013,93.99
03/05/2013,95.61
06/05/2013,96.16
07/05/2013,95.62
08/05/2013,96.62
09/05/2013,96.39
10/05/2013,96.04
13/05/2013,95.17
14/05/2013,94.21
15/05/2013,94.3
16/05/2013,95.218
17/05/2013,96.128
20/05/2013,96.842
21/05/2013,96.176
22/05/2013,94.28
23/05/2013,94.25
24/05/2013,94.15
28/05/2013,95.01
29/05/2013,93.13
30/05/2013,93.61
31/05/2013,91.97
03/06/2013,93.45
04/06/2013,93.31
05/06/2013,93.74
06/06/2013,94.76
07/06/2013,96.03
10/06/2013,95.77
11/06/2013,95.38
12/06/2013,95.88
13/06/2013,96.69
14/06/2013,97.85
17/06/2013,97.822
18/06/2013,98.532
19/06/2013,98.384
20/06/2013,95.192
21/06/2013,93.69
24/06/2013,95.18
25/06/2013,95.32
26/06/2013,95.5
27/06/2013,97.05
28/06/2013,96.56
01/07/2013,97.99
02/07/2013,99.6
03/07/2013,101.24
05/07/2013,103.22
08/07/2013,103.14
09/07/2013,103.53
10/07/2013,106.52
11/07/2013,104.91
12/07/2013,105.95
15/07/2013,106.32
16/07/2013,106
17/07/2013,106.454
18/07/2013,107.948
19/07/2013,107.942
22/07/2013,106.934
23/07/2013,107.23
24/07/2013,105.39
25/07/2013,105.49
26/07/2013,104.7
29/07/2013,104.55
30/07/2013,103.08
31/07/2013,105.03
01/08/2013,107.89
02/08/2013,106.94
05/08/2013,106.56
06/08/2013,105.3
07/08/2013,104.37
08/08/2013,103.4
09/08/2013,105.97
12/08/2013,106.11
13/08/2013,106.83
14/08/2013,106.85
15/08/2013,107.302
16/08/2013,107.392
19/08/2013,106.956
20/08/2013,105.08
21/08/2013,103.85
22/08/2013,105.03
23/08/2013,106.42
26/08/2013,105.92
27/08/2013,109.01
28/08/2013,110.1
29/08/2013,108.8
30/08/2013,107.65
03/09/2013,108.54
04/09/2013,107.23
05/09/2013,108.37
06/09/2013,110.53
09/09/2013,109.52
10/09/2013,107.39
11/09/2013,107.56
12/09/2013,108.6
13/09/2013,108.21
16/09/2013,106.59
17/09/2013,105.3
18/09/2013,107.754
19/09/2013,106.072
20/09/2013,104.734
23/09/2013,103.59
24/09/2013,103.13
25/09/2013,102.66
26/09/2013,103.03
27/09/2013,102.87
30/09/2013,102.33
01/10/2013,102.04
02/10/2013,104.1
03/10/2013,103.31
04/10/2013,103.84
07/10/2013,103.03
08/10/2013,103.49
09/10/2013,101.61
10/10/2013,103.01
11/10/2013,102.02
14/10/2013,102.41
15/10/2013,101.21
16/10/2013,102.29
17/10/2013,100.71
18/10/2013,100.93
21/10/2013,99.496
22/10/2013,98.2
23/10/2013,96.86
24/10/2013,97.11
25/10/2013,97.85
28/10/2013,98.68
29/10/2013,98.2
30/10/2013,96.77
31/10/2013,96.38
01/11/2013,94.61
04/11/2013,94.62
05/11/2013,93.37
06/11/2013,94.8
07/11/2013,94.2
08/11/2013,94.6
11/11/2013,95.14
12/11/2013,93.04
13/11/2013,93.88
14/11/2013,93.76
15/11/2013,93.97
18/11/2013,93.29
19/11/2013,93.67
20/11/2013,93.746
21/11/2013,95.44
22/11/2013,94.84
25/11/2013,94.09
26/11/2013,93.68
27/11/2013,92.3
29/11/2013,92.72
02/12/2013,93.82
03/12/2013,96.04
04/12/2013,97.2
05/12/2013,97.38
06/12/2013,97.65
09/12/2013,97.34
10/12/2013,98.51
11/12/2013,97.44
12/12/2013,97.5
13/12/2013,96.6
16/12/2013,97.538
17/12/2013,97.32
18/12/2013,97.956
19/12/2013,98.986
20/12/2013,99.32
23/12/2013,98.91
24/12/2013,99.22
26/12/2013,99.55
27/12/2013,100.32
30/12/2013,99.29
31/12/2013,98.42
02/01/2014,95.44
03/01/2014,93.96
06/01/2014,93.43
07/01/2014,93.67
08/01/2014,92.33
09/01/2014,91.66
10/01/2014,92.72
13/01/2014,91.8
14/01/2014,92.59
15/01/2014,94.206
16/01/2014,94.016
17/01/2014,94.502
21/01/2014,94.974
22/01/2014,96.73
23/01/2014,97.32
24/01/2014,96.64
27/01/2014,95.72
28/01/2014,97.41
29/01/2014,97.36
30/01/2014,98.23
31/01/2014,97.49
03/02/2014,96.43
04/02/2014,97.19
05/02/2014,97.38
06/02/2014,97.84
07/02/2014,99.88
10/02/2014,100.06
11/02/2014,99.94
12/02/2014,100.37
13/02/2014,100.35
14/02/2014,100.266
18/02/2014,102.298
19/02/2014,103.028
20/02/2014,102.784
21/02/2014,102.2
24/02/2014,102.82
25/02/2014,101.83
26/02/2014,102.59
27/02/2014,102.4
28/02/2014,102.59
03/03/2014,104.92
04/03/2014,103.33
05/03/2014,101.45
06/03/2014,101.56
07/03/2014,102.58
10/03/2014,101.12
11/03/2014,100.03
12/03/2014,97.99
13/03/2014,98.2
14/03/2014,98.89
17/03/2014,97.988
18/03/2014,99.372
19/03/2014,99.65
20/03/2014,99.006
21/03/2014,99.46
24/03/2014,99.6
25/03/2014,99.19
26/03/2014,100.26
27/03/2014,101.28
28/03/2014,101.67
31/03/2014,101.58
01/04/2014,99.74
02/04/2014,99.62
03/04/2014,100.29
04/04/2014,101.14
07/04/2014,100.44
08/04/2014,102.56
09/04/2014,103.6
10/04/2014,103.4
11/04/2014,103.74
14/04/2014,104.05
15/04/2014,103.75
16/04/2014,103.614
17/04/2014,103.928
21/04/2014,103.938
22/04/2014,101.826
23/04/2014,101.44
24/04/2014,101.94
25/04/2014,100.6
28/04/2014,100.84
29/04/2014,101.28
30/04/2014,99.74
01/05/2014,99.42
02/05/2014,99.76
05/05/2014,99.48
06/05/2014,99.5
07/05/2014,100.77
08/05/2014,100.26
09/05/2014,99.99
12/05/2014,100.59
13/05/2014,101.7
14/05/2014,102.37
15/05/2014,101.426
16/05/2014,101.844
19/05/2014,102.31
20/05/2014,102.352
21/05/2014,104.07
22/05/2014,103.74
23/05/2014,104.35
27/05/2014,104.11
28/05/2014,102.72
29/05/2014,103.58
30/05/2014,102.71
02/06/2014,102.47
03/06/2014,102.66
04/06/2014,102.64
05/06/2014,102.48
06/06/2014,102.66
09/06/2014,104.41
10/06/2014,104.35
11/06/2014,104.4
12/06/2014,106.53
13/06/2014,106.91
16/06/2014,106.9
17/06/2014,106.262
18/06/2014,105.818
19/06/2014,106.202
20/06/2014,106.916
23/06/2014,106.17
24/06/2014,106.03
25/06/2014,106.5
26/06/2014,105.84
27/06/2014,105.74
30/06/2014,105.37
01/07/2014,105.34
02/07/2014,104.48
03/07/2014,104.06
07/07/2014,103.53
08/07/2014,103.4
09/07/2014,102.29
10/07/2014,102.93
11/07/2014,100.83
14/07/2014,100.91
15/07/2014,99.96
16/07/2014,101.2
17/07/2014,102.992
18/07/2014,102.658
21/07/2014,103.552
22/07/2014,102.796
23/07/2014,103.12
24/07/2014,102.07
25/07/2014,102.09
28/07/2014,101.67
29/07/2014,100.97
30/07/2014,100.27
31/07/2014,98.17
01/08/2014,97.88
04/08/2014,98.29
05/08/2014,97.38
06/08/2014,96.92
07/08/2014,97.34
08/08/2014,97.65
11/08/2014,98.08
12/08/2014,97.37
13/08/2014,97.59
14/08/2014,95.58
15/08/2014,96.944
18/08/2014,95.346
19/08/2014,93.508
20/08/2014,93.974
21/08/2014,93.96
22/08/2014,93.65
25/08/2014,93.35
26/08/2014,93.86
27/08/2014,93.88
28/08/2014,94.55
29/08/2014,95.96
02/09/2014,92.88
03/09/2014,95.54
04/09/2014,94.45
05/09/2014,93.29
08/09/2014,92.66
09/09/2014,92.75
10/09/2014,91.67
11/09/2014,92.83
12/09/2014,92.27
15/09/2014,92.92
16/09/2014,94.88
17/09/2014,94.176
18/09/2014,92.634
19/09/2014,91.954
22/09/2014,91
23/09/2014,91.56
24/09/2014,92.8
25/09/2014,92.53
26/09/2014,93.54
29/09/2014,94.57
30/09/2014,91.16
01/10/2014,90.73
02/10/2014,91.01
03/10/2014,89.74
06/10/2014,90.34
07/10/2014,88.85
08/10/2014,87.31
09/10/2014,85.77
10/10/2014,85.82
13/10/2014,85.74
14/10/2014,81.84
15/10/2014,81.78
16/10/2014,82.55
17/10/2014,82.474
20/10/2014,82.23
21/10/2014,82.554
22/10/2014,80.52
23/10/2014,82.09
24/10/2014,81.01
27/10/2014,81
28/10/2014,81.42
29/10/2014,82.2
30/10/2014,81.12
31/10/2014,80.54
03/11/2014,78.78
04/11/2014,77.19
05/11/2014,78.68
06/11/2014,77.91
07/11/2014,78.65
10/11/2014,77.4
11/11/2014,77.94
12/11/2014,77.18
13/11/2014,74.21
14/11/2014,75.82
17/11/2014,75.644
18/11/2014,74.622
19/11/2014,74.532
20/11/2014,75.796
21/11/2014,76.51
24/11/2014,75.78
25/11/2014,74.09
26/11/2014,73.69
28/11/2014,66.15
01/12/2014,69
02/12/2014,66.88
03/12/2014,67.38
04/12/2014,66.81
05/12/2014,65.84
08/12/2014,63.05
09/12/2014,63.82
10/12/2014,60.94
11/12/2014,59.95
12/12/2014,57.81
15/12/2014,55.91
16/12/2014,55.996
17/12/2014,56.598
18/12/2014,54.26
19/12/2014,57.008
22/12/2014,55.26
23/12/2014,57.12
24/12/2014,55.84
26/12/2014,54.73
29/12/2014,53.61
30/12/2014,54.12
31/12/2014,53.27
02/01/2015,52.69
05/01/2015,50.04
06/01/2015,47.93
07/01/2015,48.65
08/01/2015,48.79
09/01/2015,48.36
12/01/2015,46.07
13/01/2015,45.89
14/01/2015,48.576
15/01/2015,46.442
16/01/2015,48.954
20/01/2015,46.454
21/01/2015,47.78
22/01/2015,46.31
23/01/2015,45.59
26/01/2015,45.15
27/01/2015,46.23
28/01/2015,44.45
29/01/2015,44.53
30/01/2015,48.24
02/02/2015,49.57
03/02/2015,53.05
04/02/2015,48.45
05/02/2015,50.48
06/02/2015,51.69
09/02/2015,52.86
10/02/2015,50.02
11/02/2015,48.84
12/02/2015,51.21
13/02/2015,52.78
17/02/2015,53.682
18/02/2015,52.412
19/02/2015,51.562
20/02/2015,50.716
23/02/2015,49.45
24/02/2015,49.28
25/02/2015,50.99
26/02/2015,48.17
27/02/2015,49.76
02/03/2015,49.59
03/03/2015,50.52
04/03/2015,51.53
05/03/2015,50.76
06/03/2015,49.61
09/03/2015,50
10/03/2015,48.29
11/03/2015,48.17
12/03/2015,47.05
13/03/2015,44.84
16/03/2015,43.88
17/03/2015,43.806
18/03/2015,45.456
19/03/2015,44.902
20/03/2015,46.4
23/03/2015,47.45
24/03/2015,47.51
25/03/2015,49.21
26/03/2015,51.43
27/03/2015,48.87
30/03/2015,48.68
31/03/2015,47.6
01/04/2015,50.09
02/04/2015,49.14
06/04/2015,52.14
07/04/2015,53.98
08/04/2015,50.42
09/04/2015,50.79
10/04/2015,51.64
13/04/2015,51.91
14/04/2015,53.29
15/04/2015,56.39
16/04/2015,56.99
17/04/2015,56.372
20/04/2015,57.28
21/04/2015,56.34
22/04/2015,56.16
23/04/2015,57.74
24/04/2015,57.15
27/04/2015,56.99
28/04/2015,57.06
29/04/2015,58.58
30/04/2015,59.63
01/05/2015,59.15
04/05/2015,58.93
05/05/2015,60.4
06/05/2015,60.93
07/05/2015,58.94
08/05/2015,59.39
11/05/2015,59.25
12/05/2015,60.75
13/05/2015,60.5
14/05/2015,60.072
15/05/2015,60.03
18/05/2015,59.916
19/05/2015,57.844
20/05/2015,58.98
21/05/2015,60.72
22/05/2015,59.72
26/05/2015,58.03
27/05/2015,57.51
28/05/2015,57.68
29/05/2015,60.3
01/06/2015,60.2
02/06/2015,61.26
03/06/2015,59.64
04/06/2015,58
05/06/2015,59.13
08/06/2015,58.14
09/06/2015,60.14
10/06/2015,61.43
11/06/2015,60.77
12/06/2015,59.96
15/06/2015,59.52
16/06/2015,59.97
17/06/2015,60.002
18/06/2015,60.598
19/06/2015,59.826
22/06/2015,60.24
23/06/2015,61.01
24/06/2015,60.27
25/06/2015,59.7
26/06/2015,59.63
29/06/2015,58.33
30/06/2015,59.47
01/07/2015,56.96
02/07/2015,56.93
06/07/2015,52.53
07/07/2015,52.33
08/07/2015,51.65
09/07/2015,52.78
10/07/2015,52.74
13/07/2015,52.2
14/07/2015,53.04
15/07/2015,51.41
16/07/2015,50.976
17/07/2015,51.018
20/07/2015,50.324
21/07/2015,50.76
22/07/2015,49.19
23/07/2015,48.45
24/07/2015,48.14
27/07/2015,47.39
28/07/2015,47.98
29/07/2015,48.79
30/07/2015,48.52
31/07/2015,47.12
03/08/2015,45.17
04/08/2015,45.74
05/08/2015,45.15
06/08/2015,44.66
07/08/2015,43.87
10/08/2015,44.96
11/08/2015,43.08
12/08/2015,43.3
13/08/2015,42.23
14/08/2015,42.5
17/08/2015,41.978
18/08/2015,42.82
19/08/2015,41.082
20/08/2015,41.284
21/08/2015,40.45
24/08/2015,38.24
25/08/2015,39.31
26/08/2015,38.6
27/08/2015,42.56
28/08/2015,45.22
31/08/2015,49.2
01/09/2015,45.41
02/09/2015,46.25
03/09/2015,46.75
04/09/2015,46.05
08/09/2015,45.94
09/09/2015,44.15
10/09/2015,45.92
11/09/2015,44.63
14/09/2015,44
15/09/2015,44.59
16/09/2015,47.15
17/09/2015,46.96
18/09/2015,44.816
21/09/2015,46.848
22/09/2015,46.254
23/09/2015,44.48
24/09/2015,44.91
25/09/2015,45.7
28/09/2015,44.43
29/09/2015,45.23
30/09/2015,45.09
01/10/2015,44.74
02/10/2015,45.54
05/10/2015,46.26
06/10/2015,48.53
07/10/2015,47.81
08/10/2015,49.43
09/10/2015,49.63
12/10/2015,47.1
13/10/2015,46.66
14/10/2015,46.64
15/10/2015,46.478
16/10/2015,47.444
19/10/2015,46.124
20/10/2015,46.142
21/10/2015,45.2
22/10/2015,45.38
23/10/2015,44.6
26/10/2015,43.98
27/10/2015,43.2
28/10/2015,45.94
29/10/2015,46.06
30/10/2015,46.59
02/11/2015,46.14
03/11/2015,47.9
04/11/2015,46.32
05/11/2015,45.2
06/11/2015,44.29
09/11/2015,43.87
10/11/2015,44.21
11/11/2015,42.93
12/11/2015,41.75
13/11/2015,40.74
16/11/2015,41.74
17/11/2015,40.878
18/11/2015,41.23
19/11/2015,41.248
20/11/2015,41.598
23/11/2015,41.75
24/11/2015,42.87
25/11/2015,43.04
27/11/2015,41.71
30/11/2015,41.65
01/12/2015,41.85
02/12/2015,39.94
03/12/2015,41.08
04/12/2015,39.97
07/12/2015,37.65
08/12/2015,37.51
09/12/2015,37.16
10/12/2015,36.76
11/12/2015,35.62
14/12/2015,36.31
15/12/2015,37.35
16/12/2015,35.766
17/12/2015,35.478
18/12/2015,35.528
21/12/2015,35.596
22/12/2015,36.14
23/12/2015,37.5
24/12/2015,38.1
28/12/2015,36.81
29/12/2015,37.87
30/12/2015,36.6
31/12/2015,37.04
04/01/2016,36.76
05/01/2016,35.97
06/01/2016,33.97
07/01/2016,33.27
08/01/2016,33.16
11/01/2016,31.41
12/01/2016,30.44
13/01/2016,30.48
14/01/2016,31.382
15/01/2016,29.808
19/01/2016,29.126
20/01/2016,27.99
21/01/2016,29.53
22/01/2016,32.19
25/01/2016,30.34
26/01/2016,31.45
27/01/2016,32.3
28/01/2016,33.22
29/01/2016,33.62
01/02/2016,31.62
02/02/2016,29.88
03/02/2016,32.28
04/02/2016,31.72
05/02/2016,30.89
08/02/2016,29.69
09/02/2016,27.94
10/02/2016,27.45
11/02/2016,26.21
12/02/2016,29.44
16/02/2016,29.04
17/02/2016,31.124
18/02/2016,31.634
19/02/2016,30.906
22/02/2016,33.008
23/02/2016,31.87
24/02/2016,32.15
25/02/2016,33.07
26/02/2016,32.78
29/02/2016,33.75
01/03/2016,34.4
02/03/2016,34.66
03/03/2016,34.57
04/03/2016,35.92
07/03/2016,37.9
08/03/2016,36.5
09/03/2016,38.29
10/03/2016,37.84
11/03/2016,38.5
14/03/2016,37.18
15/03/2016,36.34
16/03/2016,38.768
17/03/2016,40.784
18/03/2016,40.46
21/03/2016,41.198
22/03/2016,41.45
23/03/2016,39.79
24/03/2016,39.46
28/03/2016,39.39
29/03/2016,38.28
30/03/2016,38.32
31/03/2016,38.34
01/04/2016,36.79
04/04/2016,35.7
05/04/2016,35.89
06/04/2016,37.75
07/04/2016,37.26
08/04/2016,39.72
11/04/2016,40.36
12/04/2016,42.17
13/04/2016,41.76
14/04/2016,41.5
15/04/2016,40.63
18/04/2016,40.344
19/04/2016,41.914
20/04/2016,43.87
21/04/2016,43.18
22/04/2016,43.73
25/04/2016,42.64
26/04/2016,44.04
27/04/2016,45.33
28/04/2016,46.03
29/04/2016,45.92
02/05/2016,44.78
03/05/2016,43.65
04/05/2016,43.78
05/05/2016,44.32
06/05/2016,44.66
09/05/2016,43.44
10/05/2016,44.66
11/05/2016,46.23
12/05/2016,46.7
13/05/2016,46.21
16/05/2016,47.72
17/05/2016,48.446
18/05/2016,48.426
19/05/2016,48.466
20/05/2016,48.278
23/05/2016,48.08
24/05/2016,48.62
25/05/2016,49.56
26/05/2016,49.48
27/05/2016,49.33
31/05/2016,49.1
01/06/2016,49.01
02/06/2016,49.17
03/06/2016,48.62
06/06/2016,49.69
07/06/2016,50.36
08/06/2016,51.23
09/06/2016,50.56
10/06/2016,49.07
13/06/2016,48.88
14/06/2016,48.49
15/06/2016,48.01
16/06/2016,46.316
17/06/2016,48.212
20/06/2016,49.724
21/06/2016,49.65
22/06/2016,49.13
23/06/2016,50.11
24/06/2016,47.64
27/06/2016,46.33
28/06/2016,47.85
29/06/2016,49.88
30/06/2016,48.33
01/07/2016,48.99
05/07/2016,46.6
06/07/2016,47.43
07/07/2016,45.14
08/07/2016,45.41
11/07/2016,44.76
12/07/2016,46.8
13/07/2016,44.75
14/07/2016,45.68
15/07/2016,46.09
18/07/2016,45.52
19/07/2016,45.13
20/07/2016,45.588
21/07/2016,44.75
22/07/2016,44.19
25/07/2016,43.13
26/07/2016,42.92
27/07/2016,41.92
28/07/2016,41.14
29/07/2016,41.6
01/08/2016,40.06
02/08/2016,39.51
03/08/2016,40.83
04/08/2016,41.93
05/08/2016,41.8
08/08/2016,43.02
09/08/2016,42.77
10/08/2016,41.71
11/08/2016,43.49
12/08/2016,44.49
15/08/2016,45.74
16/08/2016,46.58
17/08/2016,46.936
18/08/2016,48.488
19/08/2016,48.874
22/08/2016,47.338
23/08/2016,48.1
24/08/2016,46.77
25/08/2016,47.33
26/08/2016,47.64
29/08/2016,46.98
30/08/2016,46.35
31/08/2016,44.7
01/09/2016,43.16
02/09/2016,44.44
06/09/2016,44.83
07/09/2016,45.5
08/09/2016,47.62
09/09/2016,45.88
12/09/2016,46.29
13/09/2016,44.9
14/09/2016,43.58
15/09/2016,44.032
16/09/2016,43.266
19/09/2016,43.636
20/09/2016,43.928
21/09/2016,45.34
22/09/2016,46.32
23/09/2016,44.48
26/09/2016,45.93
27/09/2016,44.67
28/09/2016,47.05
29/09/2016,47.83
30/09/2016,48.24
03/10/2016,48.81
04/10/2016,48.69
05/10/2016,49.83
06/10/2016,50.44
07/10/2016,49.81
10/10/2016,51.35
11/10/2016,50.79
12/10/2016,50.18
13/10/2016,50.44
14/10/2016,50.35
17/10/2016,50.026
18/10/2016,50.422
19/10/2016,51.732
20/10/2016,50.59
21/10/2016,50.85
24/10/2016,50.52
25/10/2016,49.96
26/10/2016,49.18
27/10/2016,49.72
28/10/2016,48.7
31/10/2016,46.86
01/11/2016,46.67
02/11/2016,45.34
03/11/2016,44.66
04/11/2016,44.07
07/11/2016,44.89
08/11/2016,44.98
09/11/2016,45.27
10/11/2016,44.66
11/11/2016,43.41
14/11/2016,43.32
15/11/2016,45.81
16/11/2016,45.676
17/11/2016,45.644
18/11/2016,46.092
21/11/2016,48.09
22/11/2016,48.03
23/11/2016,47.96
25/11/2016,46.06
28/11/2016,47.08
29/11/2016,45.23
30/11/2016,49.44
01/12/2016,51.06
02/12/2016,51.68
05/12/2016,51.79
06/12/2016,50.93
07/12/2016,49.77
08/12/2016,50.84
09/12/2016,51.5
12/12/2016,52.83
13/12/2016,52.98
14/12/2016,51.04
15/12/2016,51.114
16/12/2016,52.32
19/12/2016,52.684
20/12/2016,53.086
21/12/2016,52.49
22/12/2016,52.95
23/12/2016,53.02
27/12/2016,53.9
28/12/2016,54.06
29/12/2016,53.77
30/12/2016,53.72
03/01/2017,52.33
04/01/2017,53.26
05/01/2017,53.76
06/01/2017,53.99
09/01/2017,51.96
10/01/2017,50.82
11/01/2017,52.25
12/01/2017,53.01
13/01/2017,52.37
17/01/2017,52.636
18/01/2017,51.404
19/01/2017,51.82
20/01/2017,53.06
23/01/2017,52.75
24/01/2017,53.18
25/01/2017,52.75
26/01/2017,53.78
27/01/2017,53.17
30/01/2017,52.63
31/01/2017,52.81
01/02/2017,53.88
02/02/2017,53.54
03/02/2017,53.83
06/02/2017,53.01
07/02/2017,52.17
08/02/2017,52.34
09/02/2017,53
10/02/2017,53.86
13/02/2017,52.93
14/02/2017,53.2
15/02/2017,53.208
16/02/2017,53.516
17/02/2017,53.628
21/02/2017,54.276
22/02/2017,53.59
23/02/2017,54.45
24/02/2017,53.99
27/02/2017,54.05
28/02/2017,54.01
01/03/2017,53.83
02/03/2017,52.61
03/03/2017,53.33
06/03/2017,53.2
07/03/2017,53.14
08/03/2017,50.28
09/03/2017,49.28
10/03/2017,48.49
13/03/2017,48.4
14/03/2017,47.72
15/03/2017,48.86
16/03/2017,48.848
17/03/2017,48.992
20/03/2017,48.634
21/03/2017,48.06
22/03/2017,48.04
23/03/2017,47.7
24/03/2017,47.97
27/03/2017,47.73
28/03/2017,48.37
29/03/2017,49.51
30/03/2017,50.35
31/03/2017,50.6
03/04/2017,50.24
04/04/2017,51.03
05/04/2017,51.15
06/04/2017,51.7
07/04/2017,52.24
10/04/2017,53.08
11/04/2017,53.4
12/04/2017,53.11
13/04/2017,53.18
17/04/2017,52.742
18/04/2017,52.586
19/04/2017,50.686
20/04/2017,50.622
21/04/2017,49.62
24/04/2017,49.23
25/04/2017,49.56
26/04/2017,49.62
27/04/2017,48.97
28/04/2017,49.33
01/05/2017,48.84
02/05/2017,47.66
03/05/2017,47.82
04/05/2017,45.52
05/05/2017,46.22
08/05/2017,46.43
09/05/2017,45.88
10/05/2017,47.33
11/05/2017,47.83
12/05/2017,47.84
15/05/2017,48.85
16/05/2017,48.66
17/05/2017,49.138
18/05/2017,49.474
19/05/2017,50.534
22/05/2017,51.05
23/05/2017,51.47
24/05/2017,51.36
25/05/2017,48.9
26/05/2017,49.8
30/05/2017,49.66
31/05/2017,48.32
01/06/2017,48.36
02/06/2017,47.66
05/06/2017,47.4
06/06/2017,48.19
07/06/2017,45.72
08/06/2017,45.64
09/06/2017,45.83
12/06/2017,46.08
13/06/2017,46.46
14/06/2017,44.73
15/06/2017,44.504
16/06/2017,44.832
19/06/2017,44.338
20/06/2017,43.454
21/06/2017,42.53
22/06/2017,42.74
23/06/2017,43.01
26/06/2017,43.38
27/06/2017,44.24
28/06/2017,44.74
29/06/2017,44.93
30/06/2017,46.04
03/07/2017,47.07
05/07/2017,45.13
06/07/2017,45.52
07/07/2017,44.23
10/07/2017,44.4
11/07/2017,45.04
12/07/2017,45.49
13/07/2017,46.08
14/07/2017,46.54
17/07/2017,46.062
18/07/2017,46.476
19/07/2017,47.24
20/07/2017,46.894
21/07/2017,45.77
24/07/2017,46.34
25/07/2017,47.89
26/07/2017,48.75
27/07/2017,49.04
28/07/2017,49.71
31/07/2017,50.17
01/08/2017,49.16
02/08/2017,49.59
03/08/2017,49.03
04/08/2017,49.58
07/08/2017,49.39
08/08/2017,49.17
09/08/2017,49.56
10/08/2017,48.59
11/08/2017,48.82
14/08/2017,47.59
15/08/2017,47.55
16/08/2017,46.78
17/08/2017,47.12
18/08/2017,48.57
21/08/2017,47.466
22/08/2017,47.792
23/08/2017,48.41
24/08/2017,47.43
25/08/2017,47.87
28/08/2017,46.57
29/08/2017,46.44
30/08/2017,45.96
31/08/2017,47.23
01/09/2017,47.29
05/09/2017,48.66
06/09/2017,49.16
07/09/2017,49.09
08/09/2017,47.48
11/09/2017,48.07
12/09/2017,48.23
13/09/2017,49.3
14/09/2017,49.89
15/09/2017,50
18/09/2017,50.086
19/09/2017,49.732
20/09/2017,50.634
21/09/2017,50.55
22/09/2017,50.66
25/09/2017,52.22
26/09/2017,51.88
27/09/2017,52.14
28/09/2017,51.56
29/09/2017,51.67
02/10/2017,50.58
03/10/2017,50.42
04/10/2017,49.98
05/10/2017,50.79
06/10/2017,49.29
09/10/2017,49.58
10/10/2017,50.92
11/10/2017,51.3
12/10/2017,50.6
13/10/2017,51.45
16/10/2017,51.87
17/10/2017,51.926
18/10/2017,52.128
19/10/2017,51.422
20/10/2017,51.766
23/10/2017,51.9
24/10/2017,52.47
25/10/2017,52.18
26/10/2017,52.64
27/10/2017,53.9
30/10/2017,54.15
31/10/2017,54.38
01/11/2017,54.3
02/11/2017,54.54
03/11/2017,55.64
06/11/2017,57.35
07/11/2017,57.2
08/11/2017,56.81
09/11/2017,57.17
10/11/2017,56.74
13/11/2017,56.76
14/11/2017,55.7
15/11/2017,55.368
16/11/2017,55.224
17/11/2017,56.646
20/11/2017,56.354
21/11/2017,56.83
22/11/2017,58.02
24/11/2017,58.95
27/11/2017,58.11
28/11/2017,57.99
29/11/2017,57.3
30/11/2017,57.4
01/12/2017,58.36
04/12/2017,57.47
05/12/2017,57.62
06/12/2017,55.96
07/12/2017,56.69
08/12/2017,57.36
11/12/2017,57.99
12/12/2017,57.14
13/12/2017,56.6
14/12/2017,57.048
15/12/2017,57.312
18/12/2017,57.196
19/12/2017,57.54
20/12/2017,58.09
21/12/2017,58.36
22/12/2017,58.47
26/12/2017,59.97
27/12/2017,59.64
28/12/2017,59.84
29/12/2017,60.42
02/01/2018,60.37
03/01/2018,61.63
04/01/2018,62.01
05/01/2018,61.44
08/01/2018,61.73
09/01/2018,62.96
10/01/2018,63.57
11/01/2018,63.8
12/01/2018,64.3
16/01/2018,63.73
17/01/2018,63.96
18/01/2018,63.926
19/01/2018,63.334
22/01/2018,63.554
23/01/2018,64.47
24/01/2018,65.61
25/01/2018,65.51
26/01/2018,66.14
29/01/2018,65.56
30/01/2018,64.5
31/01/2018,64.73
01/02/2018,65.8
02/02/2018,65.45
05/02/2018,64.15
06/02/2018,63.39
07/02/2018,61.79
08/02/2018,61.15
09/02/2018,59.2
12/02/2018,59.29
13/02/2018,59.19
14/02/2018,60.582
15/02/2018,61.272
16/02/2018,61.602
20/02/2018,61.812
21/02/2018,61.68
22/02/2018,62.77
23/02/2018,63.55
26/02/2018,63.91
27/02/2018,63.01
28/02/2018,61.64
01/03/2018,60.99
02/03/2018,61.25
05/03/2018,62.57
06/03/2018,62.6
07/03/2018,61.15
08/03/2018,60.12
09/03/2018,62.04
12/03/2018,61.36
13/03/2018,60.71
14/03/2018,60.96
15/03/2018,61.202
16/03/2018,62.368
19/03/2018,62.102
20/03/2018,63.512
21/03/2018,65.17
22/03/2018,64.3
23/03/2018,65.88
26/03/2018,65.55
27/03/2018,65.25
28/03/2018,64.38
29/03/2018,64.94
02/04/2018,63.01
03/04/2018,63.51
04/04/2018,63.37
05/04/2018,63.54
06/04/2018,62.06
09/04/2018,63.42
10/04/2018,65.51
11/04/2018,66.82
12/04/2018,67.07
13/04/2018,67.39
16/04/2018,66.22
17/04/2018,66.518
18/04/2018,68.47
19/04/2018,68.314
20/04/2018,68.396
23/04/2018,68.64
24/04/2018,67.7
25/04/2018,68.05
26/04/2018,68.19
27/04/2018,68.1
30/04/2018,68.57
01/05/2018,67.25
02/05/2018,67.93
03/05/2018,68.43
04/05/2018,69.72
07/05/2018,70.73
08/05/2018,69.06
09/05/2018,71.14
10/05/2018,71.36
11/05/2018,70.7
14/05/2018,70.96
15/05/2018,71.31
16/05/2018,71.49
17/05/2018,71.506
18/05/2018,71.316
21/05/2018,72.306
22/05/2018,72.186
23/05/2018,71.84
24/05/2018,70.71
25/05/2018,67.88
29/05/2018,66.73
30/05/2018,68.21
31/05/2018,67.04
01/06/2018,65.81
04/06/2018,64.75
05/06/2018,65.52
06/06/2018,64.73
07/06/2018,65.95
08/06/2018,65.74
11/06/2018,66.1
12/06/2018,66.36
13/06/2018,66.64
14/06/2018,66.89
15/06/2018,65.018
18/06/2018,65.786
19/06/2018,64.968
20/06/2018,65.812
21/06/2018,65.54
22/06/2018,68.58
25/06/2018,68.08
26/06/2018,70.53
27/06/2018,72.76
28/06/2018,73.45
29/06/2018,74.15
02/07/2018,73.94
03/07/2018,74.14
05/07/2018,72.94
06/07/2018,73.8
09/07/2018,73.85
10/07/2018,74.11
11/07/2018,70.38
12/07/2018,70.33
13/07/2018,71.01
16/07/2018,68.06
17/07/2018,67.896
18/07/2018,68.356
19/07/2018,68.728
20/07/2018,68.7
23/07/2018,67.89
24/07/2018,68.52
25/07/2018,69.3
26/07/2018,69.61
27/07/2018,68.69
30/07/2018,70.13
31/07/2018,68.76
01/08/2018,67.66
02/08/2018,68.96
03/08/2018,68.49
06/08/2018,69.01
07/08/2018,69.17
08/08/2018,66.94
09/08/2018,66.81
10/08/2018,67.63
13/08/2018,67.2
14/08/2018,67.04
15/08/2018,65.01
16/08/2018,65.344
17/08/2018,65.63
20/08/2018,65.824
21/08/2018,66.142
22/08/2018,67.86
23/08/2018,67.83
24/08/2018,68.72
27/08/2018,68.87
28/08/2018,68.53
29/08/2018,69.51
30/08/2018,70.25
31/08/2018,69.8
04/09/2018,69.87
05/09/2018,68.72
06/09/2018,67.77
07/09/2018,67.75
10/09/2018,67.54
11/09/2018,69.25
12/09/2018,70.37
13/09/2018,68.59
14/09/2018,68.99
17/09/2018,68.864
18/09/2018,69.746
19/09/2018,70.91
20/09/2018,70.416
21/09/2018,70.78
24/09/2018,72.08
25/09/2018,72.28
26/09/2018,71.57
27/09/2018,72.12
28/09/2018,73.25
01/10/2018,75.3
02/10/2018,75.23
03/10/2018,76.41
04/10/2018,74.33
05/10/2018,74.34
08/10/2018,74.29
09/10/2018,74.96
10/10/2018,73.17
11/10/2018,70.97
12/10/2018,71.34
15/10/2018,71.78
16/10/2018,71.92
17/10/2018,69.74
18/10/2018,68.674
19/10/2018,69.216
22/10/2018,69.322
23/10/2018,66.43
24/10/2018,66.82
25/10/2018,67.33
26/10/2018,67.59
29/10/2018,67.04
30/10/2018,66.18
31/10/2018,65.31
01/11/2018,63.69
02/11/2018,63.14
05/11/2018,63.1
06/11/2018,62.21
07/11/2018,61.67
08/11/2018,60.67
09/11/2018,60.19
12/11/2018,59.93
13/11/2018,55.69
14/11/2018,56.288
15/11/2018,56.548
16/11/2018,56.592
19/11/2018,57.112
20/11/2018,53.43
21/11/2018,54.63
23/11/2018,50.42
26/11/2018,51.63
27/11/2018,51.56
28/11/2018,50.29
29/11/2018,51.45
30/11/2018,50.93
03/12/2018,52.95
04/12/2018,53.25
05/12/2018,52.89
06/12/2018,51.49
07/12/2018,52.61
10/12/2018,51
11/12/2018,51.65
12/12/2018,51.15
13/12/2018,52.58
14/12/2018,51.254
17/12/2018,50.008
18/12/2018,46.456
19/12/2018,47.976
20/12/2018,45.88
21/12/2018,45.59
24/12/2018,42.53
26/12/2018,46.22
27/12/2018,44.61
28/12/2018,45.33
31/12/2018,45.41
02/01/2019,46.54
03/01/2019,47.09
04/01/2019,47.96
07/01/2019,48.52
08/01/2019,49.78
09/01/2019,52.36
10/01/2019,52.59
11/01/2019,51.59
14/01/2019,50.51
15/01/2019,52.11
16/01/2019,52.37
17/01/2019,52.186
18/01/2019,53.944
22/01/2019,52.922
23/01/2019,52.62
24/01/2019,53.13
25/01/2019,53.69
28/01/2019,51.99
29/01/2019,53.31
30/01/2019,54.23
31/01/2019,53.79
01/02/2019,55.26
04/02/2019,54.56
05/02/2019,53.66
06/02/2019,54.01
07/02/2019,52.64
08/02/2019,52.72
11/02/2019,52.41
12/02/2019,53.1
13/02/2019,53.9
14/02/2019,54.486
15/02/2019,55.746
19/02/2019,56.306
20/02/2019,57.112
21/02/2019,56.96
22/02/2019,57.26
25/02/2019,55.48
26/02/2019,55.5
27/02/2019,56.94
28/02/2019,57.22
01/03/2019,55.8
04/03/2019,56.59
05/03/2019,56.56
06/03/2019,56.22
07/03/2019,56.66
08/03/2019,56.07
11/03/2019,56.79
12/03/2019,56.87
13/03/2019,58.26
14/03/2019,58.61
15/03/2019,58.58
18/03/2019,59.206
19/03/2019,59.186
20/03/2019,60.15
21/03/2019,59.98
22/03/2019,59.04
25/03/2019,58.82
26/03/2019,59.94
27/03/2019,59.41
28/03/2019,59.3
29/03/2019,60.14
01/04/2019,61.59
02/04/2019,62.58
03/04/2019,62.46
04/04/2019,62.1
05/04/2019,63.08
08/04/2019,64.4
09/04/2019,63.98
10/04/2019,64.61
11/04/2019,63.58
12/04/2019,63.89
15/04/2019,63.4
16/04/2019,64.078
17/04/2019,63.804
18/04/2019,64.042
22/04/2019,65.58
23/04/2019,66.3
24/04/2019,65.89
25/04/2019,65.21
26/04/2019,63.3
29/04/2019,63.5
30/04/2019,63.91
01/05/2019,63.6
02/05/2019,61.81
03/05/2019,61.94
06/05/2019,62.25
07/05/2019,61.4
08/05/2019,62.12
09/05/2019,61.7
10/05/2019,61.66
13/05/2019,61.04
14/05/2019,61.78
15/05/2019,62.02
16/05/2019,62.908
17/05/2019,62.824
20/05/2019,63.166
21/05/2019,63.102
22/05/2019,61.42
23/05/2019,57.91
24/05/2019,58.63
28/05/2019,59.14
29/05/2019,58.81
30/05/2019,56.59
31/05/2019,53.5
03/06/2019,53.25
04/06/2019,53.48
05/06/2019,51.68
06/06/2019,52.59
07/06/2019,53.99
10/06/2019,53.26
11/06/2019,53.27
12/06/2019,51.14
13/06/2019,52.28
14/06/2019,52.51
17/06/2019,51.978
18/06/2019,53.984
19/06/2019,53.886
20/06/2019,56.986
21/06/2019,57.43
24/06/2019,57.9
25/06/2019,57.83
26/06/2019,59.38
27/06/2019,59.43
28/06/2019,58.47
01/07/2019,59.09
02/07/2019,56.25
03/07/2019,57.34
05/07/2019,57.51
08/07/2019,57.66
09/07/2019,57.83
10/07/2019,60.43
11/07/2019,60.2
12/07/2019,60.21
15/07/2019,59.58
16/07/2019,57.62
17/07/2019,56.808
18/07/2019,55.348
19/07/2019,55.708
22/07/2019,56.22
23/07/2019,56.77
24/07/2019,55.88
25/07/2019,56.02
26/07/2019,56.2
29/07/2019,56.87
30/07/2019,58.05
31/07/2019,58.58
01/08/2019,53.95
02/08/2019,55.66
05/08/2019,54.69
06/08/2019,53.63
07/08/2019,51.09
08/08/2019,52.54
09/08/2019,54.5
12/08/2019,54.93
13/08/2019,57.1
14/08/2019,55.23
15/08/2019,54.46
16/08/2019,54.846
19/08/2019,56.168
20/08/2019,56.172
21/08/2019,55.68
22/08/2019,55.35
23/08/2019,54.17
26/08/2019,53.64
27/08/2019,54.93
28/08/2019,55.78
29/08/2019,56.71
30/08/2019,55.1
03/09/2019,53.94
04/09/2019,56.26
05/09/2019,56.3
06/09/2019,56.52
09/09/2019,57.85
10/09/2019,57.4
11/09/2019,55.75
12/09/2019,55.09
13/09/2019,54.85
16/09/2019,62.9
17/09/2019,59.292
18/09/2019,58.082
19/09/2019,58.166
20/09/2019,58.09
23/09/2019,58.64
24/09/2019,57.29
25/09/2019,56.49
26/09/2019,56.41
27/09/2019,55.91
30/09/2019,54.07
01/10/2019,53.62
02/10/2019,52.64
03/10/2019,52.45
04/10/2019,52.81
07/10/2019,52.75
08/10/2019,52.63
09/10/2019,52.59
10/10/2019,53.55
11/10/2019,54.7
14/10/2019,53.59
15/10/2019,52.81
16/10/2019,53.36
17/10/2019,53.95
18/10/2019,53.816
21/10/2019,53.43
22/10/2019,54.416
23/10/2019,55.97
24/10/2019,56.23
25/10/2019,56.66
28/10/2019,55.81
29/10/2019,55.54
30/10/2019,55.06
31/10/2019,54.18
01/11/2019,56.2
04/11/2019,56.54
05/11/2019,57.23
06/11/2019,56.35
07/11/2019,57.15
08/11/2019,57.24
11/11/2019,56.86
12/11/2019,56.8
13/11/2019,57.12
14/11/2019,56.77
15/11/2019,57.742
18/11/2019,57.086
19/11/2019,55.294
20/11/2019,57.03
21/11/2019,58.58
22/11/2019,57.77
25/11/2019,58.01
26/11/2019,58.41
27/11/2019,58.11
29/11/2019,55.17
02/12/2019,55.96
03/12/2019,56.1
04/12/2019,58.43
05/12/2019,58.43
06/12/2019,59.2
09/12/2019,59.02
10/12/2019,59.24
11/12/2019,58.76
12/12/2019,59.18
13/12/2019,60.07
16/12/2019,60.196
17/12/2019,60.912
18/12/2019,60.882
19/12/2019,61.188
20/12/2019,60.44
23/12/2019,60.52
24/12/2019,61.11
26/12/2019,61.68
27/12/2019,61.72
30/12/2019,61.68
31/12/2019,61.06
02/01/2020,61.18
03/01/2020,63.05
06/01/2020,63.27
07/01/2020,62.7
08/01/2020,59.61
09/01/2020,59.56
10/01/2020,59.04
13/01/2020,58.08
14/01/2020,58.23
15/01/2020,57.816
16/01/2020,58.524
17/01/2020,58.564
21/01/2020,58.372
22/01/2020,56.74
23/01/2020,55.59
24/01/2020,54.19
27/01/2020,53.14
28/01/2020,53.48
29/01/2020,53.33
30/01/2020,52.14
31/01/2020,51.56
03/02/2020,50.11
04/02/2020,49.61
05/02/2020,50.75
06/02/2020,50.95
07/02/2020,50.32
10/02/2020,49.57
11/02/2020,49.94
12/02/2020,51.17
13/02/2020,51.42
14/02/2020,52.104
18/02/2020,52.146
19/02/2020,53.41
20/02/2020,53.86
21/02/2020,53.38
24/02/2020,51.43
25/02/2020,49.9
26/02/2020,48.73
27/02/2020,47.09
28/02/2020,44.76
02/03/2020,46.75
03/03/2020,47.18
04/03/2020,46.78
05/03/2020,45.9
06/03/2020,41.28
09/03/2020,31.13
10/03/2020,34.36
11/03/2020,32.98
12/03/2020,31.5
13/03/2020,31.73
16/03/2020,28.7
17/03/2020,27.026
18/03/2020,20.554
19/03/2020,25.634
20/03/2020,22.59
23/03/2020,23.36
24/03/2020,24.01
25/03/2020,24.49
26/03/2020,22.6
27/03/2020,21.51
30/03/2020,20.09
31/03/2020,20.48
01/04/2020,20.31
02/04/2020,25.32
03/04/2020,28.34
06/04/2020,26.08
07/04/2020,23.63
08/04/2020,25.09
09/04/2020,22.76
10/04/2020,
11/04/2020,
12/04/2020,
13/04/2020,
14/04/2020,
15/04/2020,
16/04/2020,
17/04/2020,
18/04/2020,
19/04/2020,
20/04/2020,
21/04/2020,
22/04/2020,
23/04/2020,
24/04/2020,
25/04/2020,
26/04/2020,
27/04/2020,
28/04/2020,
29/04/2020,
30/04/2020,
